{"cameraMode":{"drawMode":2,"name":"Shaded Wireframe","section":"Shading Mode"},"sceneLighting":true,"audioPlay":false,"sceneViewState":{"m_AlwaysRefresh":false,"showFog":true,"showSkybox":true,"showFlares":true,"showImageEffects":true,"showParticleSystems":true,"showVisualEffectGraphs":true,"m_FxEnabled":true},"in2DMode":false,"pivot":{"x":-40.10720443725586,"y":16.257579803466798,"z":116.63743591308594},"rotation":{"x":0.010170023888349533,"y":-0.9445517659187317,"z":0.32891345024108889,"w":0.02704031579196453},"size":10.700455665588379,"orthographic":false}