{"cameraMode":{"drawMode":2,"name":"Shaded Wireframe","section":"Shading Mode"},"sceneLighting":true,"audioPlay":false,"sceneViewState":{"m_AlwaysRefresh":false,"showFog":true,"showSkybox":true,"showFlares":true,"showImageEffects":true,"showParticleSystems":true,"showVisualEffectGraphs":true,"m_FxEnabled":true},"in2DMode":false,"pivot":{"x":-155.11647033691407,"y":24.062734603881837,"z":165.50100708007813},"rotation":{"x":0.03934566304087639,"y":0.1319633424282074,"z":0.008190428838133812,"w":-0.9926456212997437},"size":26.342077255249025,"orthographic":false}