{"cameraMode":{"drawMode":2,"name":"Shaded Wireframe","section":"Shading Mode"},"sceneLighting":true,"audioPlay":false,"sceneViewState":{"m_AlwaysRefresh":false,"showFog":true,"showSkybox":true,"showFlares":true,"showImageEffects":true,"showParticleSystems":true,"showVisualEffectGraphs":true,"m_FxEnabled":true},"in2DMode":false,"pivot":{"x":4.758937835693359,"y":5.691553592681885,"z":58.826026916503909},"rotation":{"x":-0.009734788909554482,"y":-0.14047040045261384,"z":-0.00014630021178163588,"w":-0.9908611178398132},"size":8.226131439208985,"orthographic":false}