{"cameraMode":{"drawMode":2,"name":"Shaded Wireframe","section":"Shading Mode"},"sceneLighting":true,"audioPlay":false,"sceneViewState":{"m_AlwaysRefresh":false,"showFog":true,"showSkybox":true,"showFlares":true,"showImageEffects":true,"showParticleSystems":true,"showVisualEffectGraphs":true,"m_FxEnabled":true},"in2DMode":false,"pivot":{"x":13.791903495788575,"y":1.0016226768493653,"z":33.366172790527347},"rotation":{"x":-0.022603273391723634,"y":-0.20982663333415986,"z":0.0045204199850559238,"w":-0.9797466397285461},"size":17.623533248901368,"orthographic":false}