{"cameraMode":{"drawMode":2,"name":"Shaded Wireframe","section":"Shading Mode"},"sceneLighting":true,"audioPlay":false,"sceneViewState":{"m_AlwaysRefresh":false,"showFog":true,"showSkybox":true,"showFlares":true,"showImageEffects":true,"showParticleSystems":true,"showVisualEffectGraphs":true,"m_FxEnabled":true},"in2DMode":false,"pivot":{"x":-43.430667877197269,"y":6.3739495277404789,"z":106.68202209472656},"rotation":{"x":0.042020633816719058,"y":-0.9436113238334656,"z":0.3062809705734253,"w":0.12311612069606781},"size":29.446102142333986,"orthographic":false}